"fecha_UTC","hora_UTC","latitud(ยบ)","longitud(ยบ)","profundidad_km","magnitud_mb","magnitud_Ms","magnitud_Mw"
"02/07/1552","10:30:00.00","-16.6","-71.3","30","7.6","",""
"15/11/1555","00:00:00.00","-11.9","-77.6","30","","8.4",""
"04/04/1568","00:00:00.00","-12.3","-77.7","30","6.6","6.4",""
"22/01/1582","16:30:00.00","-16.6","-71.6","30","","8.2","7.5"
"15/08/1582","00:00:00.00","-12.2","-77.6","30","","7.8",""
"17/03/1584","00:00:00.00","-11.8","-77.8","30","","8.4",""
"10/07/1586","00:30:00.00","-12.109","-77.028","40","7.7","8.6",""
"19/02/1600","10:00:00.00","-16.77","-70.9","20","","7.9",""
"28/02/1600","20:00:00.00","-16.6","-70.8","20","","8.1",""
"24/11/1604","18:30:00.00","-17.88","-70.94","30","7","9.4",""
"23/03/1606","20:00:00.00","-7","-80.3","40","","6.5",""
"25/10/1606","13:00:00.00","-11.8","-77.8","60","6.8","",""
"20/10/1609","01:00:00.00","-11.9","-77.4","40","7.4","8.6",""
"16/09/1615","00:00:00.00","-18.25","-71","40","","8.8",""
"14/02/1619","16:30:00.00","-7.941","-79.038","40","7.7","8.6","8.7"
"27/11/1630","15:30:00.00","-12.2","-77.5","30","7.5","",""
"31/03/1650","16:10:00.00","-13.6","-72.2","70","7.4","",""
"31/03/1650","19:00:00.00","-13.5","-71.7","30","","7.2",""
"13/11/1655","19:45:00.00","-12.3","-77.6","30","7.7","8.8",""
"14/02/1658","00:00:00.00","-8.2","-80.1","40","7.7","-",""
"12/05/1664","09:15:00.00","-14.1","-75.85","15","","7.3",""
"16/06/1678","01:45:00.00","-12.3","-77.8","40","","","7.7"
"20/10/1687","09:15:00.00","-12.55","-77","40","6.4","5.9","-"
"20/10/1687","10:30:00.00","-13.231","-76.507","30","","8.2","8.6"
"21/10/1687","12:00:00.00","-16.4","-71.6","60","","7.2","8"
"20/11/1690","19:30:00.00","-12.55","-77","40","","7.2",""
"14/07/1696","09:00:00.00","-12.8","-77.7","20","6.7","",""
"29/09/1697","13:30:00.00","-12.3","-77.4","30","7.3","",""
"14/07/1699","09:00:00.00","-11.8","-77.5","40","7.7","7.8",""
"02/08/1700","21:00:00.00","-13.9","-72.1","10","4.1","",""
"18/09/1707","05:00:00.00","-13.9","-72.1","10","4.4","",""
"23/05/1709","07:00:00.00","-12.6","-77.5","60","4.6","",""
"20/12/1709","10:00:00.00","-12.3","-77.3","60","6.3","",""
"17/06/1719","00:00:00.00","-13.2","-74.4","20","4.6","",""
"02/12/1732","06:00:00.00","-11.8","-77.6","50","","6.9",""
"25/08/1741","00:00:00.00","-3.1","-78.1","","","6.8",""
"19/11/1744","11:30:00.00","-13.77","-72.1","20","","4.8",""
"11/02/1746","00:00:00.00","-14","-71.7","20","4.9","",""
"29/10/1746","03:30:00.00","-11.996","-77.198","30","","8.4","8.8"
"14/03/1747","18:30:00.00","-8.58","-78.1","20","4.9","",""
"19/03/1747","00:00:00.00","-13.9","-70.35","20","","6.2",""
"20/01/1749","00:00:00.00","-4","-79.3","","","7.4",""
"03/09/1759","04:15:00.00","-8.134","-79.932","50","","5.9",""
"26/01/1777","08:00:00.00","-11.8","-77.4","50","","5.3",""
"13/05/1784","12:36:00.00","-16.5","-72","27","7.8","8","8.4"
"07/09/1794","00:00:00.00","-12.2","-77.4","40","4.9","",""
"21/01/1799","21:00:00.00","-12.2","-77.4","40","4.9","",""
"03/01/1812","16:45:00.00","-16.8","-71.8","25","4.8","",""
"10/07/1821","13:00:00.00","-16.107","-72.967","90","","8.2",""
"10/07/1821","18:10:00.00","-16.4","-71.6","","","7.9",""
"18/09/1833","10:45:00.00","-18.251","-71.01","60","","7.7","7.2"
"05/07/1839","00:30:00.00","-11","-75","20","","5.3",""
"28/01/1840","08:00:00.00","-12.3","-77.3","40","4.8","",""
"04/06/1845","03:45:00.00","-16.6","-71.6","30","4.7","",""
"13/04/1861","22:30:00.00","-13.803","-73.419","20","4.5","",""
"13/08/1868","21:23:00.00","-16.4","-71.56","","","","8.8"
"13/08/1868","21:46:00.00","-18.29","-70.59","25","","8.6",""
"24/08/1869","18:45:00.00","-17.5","-72","30","","8.4",""
"04/11/1869","00:30:00.00","-16.6","-71.65","30","4.9","",""
"06/12/1875","02:30:00.00","-13.4","-72.7","20","4.9","",""
"17/05/1877","00:00:00.00","-16","-68","20","","5.2",""
"23/01/1878","00:00:00.00","-20.05","-77","40","","7.9",""
"15/08/1891","11:03:00.00","-15.5","-68.5","5","","6.2",""
"20/09/1897","16:25:00.00","-11.913","-76.791","70","","7.7",""
"21/11/1901","19:19:00.00","-14.177","-76.32","80","","6.7",""
"02/01/1902","14:08:00.00","-9","-78.4","80","","6.8",""
"04/05/1904","16:00:00.00","-4","-79.2","","","6.8",""
"23/01/1905","11:15:00.00","-13.67","-71.87","7","4.1","",""
"28/09/1906","15:24:54.00","-6.172","-77.494","150","6.7","7.9",""
"17/11/1907","10:15:00.00","-4","-79.2","","","6.2",""
"24/02/1913","02:30:00.00","-3.42","-79.61","50","","7.7",""
"28/07/1913","06:40:00.00","-16.6","-73.3","30","","7",""
"06/08/1913","22:14:24.00","-15.8","-73.5","80","","7.8",""
"02/12/1914","23:55:00.00","-15.242","-73.346","15","4.3","",""
"27/12/1915","15:48:00.00","-15.2","-75","70","","6.7",""
"28/12/1915","23:40:00.00","-15.155","-73.93","90","","7.3",""
"08/02/1916","15:35:00.00","-12.967","-74.064","120","","6.9",""
"07/10/1920","20:54:00.00","-15.133","-74.173","80","","7.1",""
"18/12/1921","15:29:35.00","-4.11","-72.04","630","7.5","7.9",""
"06/01/1922","14:11:02.00","-16.5","-73","","","7.2",""
"17/01/1922","03:50:33.00","-3.76","-71.89","635","","7.6",""
"11/10/1922","14:49:50.00","-16","-72.5","50","7.6","7.4",""
"11/03/1924","22:44:23.00","-4","-82","60","","6.8",""
"16/03/1924","01:22:36.00","-2","-72","","","6.9",""
"05/01/1925","13:45:46.00","-14","-73.5","200","","6.5",""
"12/09/1925","09:26:00.00","-8","-75","","","6.9",""
"25/10/1925","04:30:00.00","-18","-73","","","6.9",""
"07/03/1926","20:32:30.00","-9.5","-84","","","6.8",""
"07/03/1926","20:33:38.00","-5.27","-77.45","93","","6.5",""
"11/03/1926","10:41:54.00","-12.52","-77.073","80","","7.2",""
"05/06/1926","01:20:15.00","-17","-78.5","","","6.8",""
"01/07/1926","20:29:30.00","-5","-81.5","","","6.8",""
"14/07/1926","01:38:40.00","-2.5","-71","","","6.8",""
"13/03/1927","05:32:26.00","-6","-81.5","","","6",""
"06/04/1927","18:54:05.00","-10","-70","600","","6",""
"09/04/1928","17:34:15.00","-13","-69.5","30","","6.9",""
"27/04/1928","20:34:58.00","-13","-69.5","259","","6.8",""
"14/05/1928","22:14:46.00","-5.194","-78.335","30","6.2","7.3",""
"18/07/1928","19:05:00.00","-5.454","-77.873","70","5.4","7",""
"21/09/1928","13:27:05.00","-15","-70.5","250","","6.8",""
"25/05/1929","11:59:38.00","-8.5","-75.5","150","","6.8",""
"04/08/1930","05:04:31.00","-9.5","-70.5","650","","6.5",""
"24/11/1930","06:06:48.00","-3.44","-77.51","135","","6.3",""
"03/04/1931","01:56:11.00","-9.25","-79","","","6.3",""
"15/06/1931","11:19:55.00","-14.5","-75.5","","","6",""
"18/06/1931","14:35:00.00","-14.139","-71.36","15","4","",""
"11/07/1931","05:56:13.00","-8.5","-74.5","120","","6.3",""
"20/01/1932","02:30:50.00","-11.881","-77.734","40","","6.7",""
"25/06/1932","02:31:41.00","-6.5","-81.5","","6.4","-",""
"05/09/1932","06:23:50.00","-6","-81","50","","6",""
"09/12/1932","08:34:55.00","-15.379","-74.348","90","","6.5",""
"23/07/1933","04:13:11.00","-15.75","-75.25","80","","6",""
"31/07/1933","15:23:07.00","-15.5","-75.5","80","","6",""
"06/08/1933","02:54:52.00","-13.151","-76.526","60","","6.5",""
"20/08/1933","22:59:16.00","-13","-80","","","5.6",""
"22/08/1933","09:49:58.00","-13","-80","","","5.6",""
"29/08/1933","14:52:36.00","-10.9","-69.5","65","","6.5",""
"01/10/1933","02:40:42.00","-7","-75.25","120","","6.3",""
"02/10/1933","15:29:21.00","-2","-81","","","6.9",""
"03/10/1933","10:21:00.00","-1.75","-80.75","","","6.3",""
"03/10/1933","14:21:49.00","-1.75","-80.75","","","6",""
"29/12/1933","08:17:01.00","-5","-81.5","","5.2","",""
"29/10/1934","23:25:23.00","-5","-78","110","","6.3",""
"04/12/1934","17:24:38.00","-19.5","-69.5","11","","6.9",""
"05/03/1935","22:35:00.00","-9.82","-77.43","25","4.6","",""
"09/03/1935","02:54:37.00","-12","-78","150","","5.8",""
"26/03/1935","19:54:47.00","-15.5","-73","120","","6",""
"19/09/1935","09:55:47.00","-15.5","-70","250","","6.5",""
"06/05/1936","03:38:55.00","-8","-75","160","","6",""
"04/07/1936","08:52:35.00","-18","-70","140","","6",""
"16/09/1936","17:44:13.00","-16","-72.5","130","5.5","5.8",""
"28/03/1937","12:21:42.00","-13.5","-75","120","5.4","5.5",""
"29/03/1937","07:49:47.00","-15.5","-71","120","","6.8",""
"08/04/1937","00:00:00.00","-7.729","-77.981","20","4.4","",""
"17/04/1937","00:00:00.00","-7.73","-77.98","10","3.9","",""
"21/06/1937","15:13:04.00","-8.268","-79.233","60","5.8","6.8",""
"22/06/1937","05:34:03.00","-9","-79","150","5.5","5.8",""
"24/06/1937","14:57:18.00","-7.8","-80.3","","5.4","",""
"09/07/1937","17:27:40.00","-16","-72","180","5.6","6",""
"02/10/1937","16:22:24.00","-14.7","-69.9","","4.7","",""
"15/10/1937","03:41:15.00","-13.5","-77","90","5.3","5.3",""
"03/11/1937","00:00:00.00","-15.5","-68.5","20","","4.5",""
"07/11/1937","09:08:43.00","-10","-73.5","120","5.4","5.5",""
"24/12/1937","06:20:40.00","-10.55","-75.63","25","5.7","6.2",""
"16/01/1938","21:41:47.00","-6","-75","100","5.6","6",""
"09/09/1938","17:27:12.00","-7.2","-80.3","","5.8","",""
"25/04/1939","12:53:37.00","-12.87","-76.42","80","5.7","6.3",""
"24/06/1939","04:22:24.00","-14.148","-71.635","20","","6.3",""
"13/09/1939","18:03:30.00","-18.5","-70.5","130","5.5","5.8",""
"20/09/1939","06:53:12.00","-11.5","-75.5","60","5.6","6",""
"18/11/1939","07:42:15.00","-15","-75.5","","5.5","5.6",""
"26/11/1939","06:26:18.00","-8.5","-77.5","130","5.4","5.5",""
"13/12/1939","18:45:24.00","-17","-74","100","5.4","5.5",""
"30/01/1940","11:56:55.00","-11.5","-77","50","5.4","5.6",""
"04/05/1940","16:44:30.00","-6.5","-81","","5.4","5.6",""
"05/05/1940","02:03:42.00","-7","-80","","5.6","6",""
"24/05/1940","16:33:57.00","-11.22","-77.79","50","6.6","8","7.9"
"04/08/1940","16:07:05.00","-14","-74","120","5.4","5.5",""
"26/08/1940","02:27:59.00","-11.5","-75","110","5.6","6",""
"05/10/1940","04:46:36.00","-17.8","-70.4","","4.7","",""
"06/10/1940","15:35:42.00","-17.8","-70.4","200","4.7","",""
"12/10/1940","02:58:54.00","-17.8","-70.4","200","4","",""
"15/10/1940","07:54:18.00","-17.8","-70.4","200","4.9","",""
"23/10/1940","02:23:15.00","-2","-76","140","5.6","6",""
"24/01/1941","05:44:03.00","-3.25","-76.75","120","5.8","6.5",""
"11/05/1941","05:08:00.00","-14.486","-74.48","110","","6.2",""
"18/09/1941","13:14:09.00","-13.67","-71.96","100","7","7",""
"15/10/1941","00:07:06.00","-16","-73.5","100","5.6","",""
"15/10/1941","09:35:15.00","-15.5","-74","110","","6",""
"08/01/1942","15:12:31.00","-6","-78.5","110","5.6","6",""
"12/06/1942","10:21:30.00","-2","-76.9","","","6.2",""
"24/08/1942","22:50:27.00","-15.549","-74.742","70","6.7","8.1","8.2"
"06/11/1942","13:31:10.00","-6","-77","130","5.9","6.8",""
"06/01/1943","09:51:03.00","-5","-80.7","","5.7","",""
"31/01/1943","05:00:00.00","-14.2","-71.5","25","","5",""
"16/02/1943","07:28:35.00","-15","-72","190","6","7",""
"05/04/1943","03:08:58.00","-6.5","-76","140","5.8","6.5",""
"05/07/1943","21:07:54.00","-16","-74","","5.9","6.8",""
"06/07/1943","09:40:00.00","-17","-70","160","5.5","5.8",""
"01/02/1944","00:00:00.00","-13.57","-71.96","30","3.7","",""
"29/02/1944","03:41:53.00","-14.5","-70.5","200","5.4","7",""
"08/06/1944","02:38:04.00","-10","-71","600","5.7","6.3",""
"06/02/1945","23:27:49.00","-5","-80.8","","4.5","",""
"08/02/1945","09:40:00.00","-16.5","-71.7","15","3.8","",""
"09/02/1945","02:25:00.00","-17.7","-70","30","3.9","",""
"09/02/1945","16:10:00.00","-10.8","-78.3","60","4.2","",""
"10/02/1945","20:30:00.00","-10.8","-78.3","60","4.7","",""
"17/02/1945","13:45:00.00","-10.8","-78.3","60","4.7","",""
"17/02/1945","18:35:00.00","-10.8","-78.3","60","4.2","",""
"27/02/1945","03:37:00.00","-13","-76.8","40","4.5","",""
"06/03/1945","17:10:00.00","-12.7","-77.8","40","4.5","",""
"14/03/1945","02:00:00.00","-11.66","-76.32","30","3","",""
"14/03/1945","05:45:00.00","-11.5","-78.1","30","4.8","",""
"15/03/1945","21:20:00.00","-4.4","-81.6","30","4.5","",""
"16/03/1945","08:35:00.00","-13.5","-75.26","25","3.4","",""
"17/03/1945","14:15:00.00","-13.5","-75.26","25","3.4","",""
"18/03/1945","13:45:00.00","-15.6","-74.8","60","4.3","",""
"21/03/1945","23:45:00.00","-12","-77.8","40","4.8","",""
"27/03/1945","01:45:00.00","-15.2","-73.1","25","4","",""
"28/03/1945","02:15:00.00","-16.5","-71.9","25","3.6","",""
"29/03/1945","00:50:00.00","-5","-79.43","30","3.1","",""
"29/03/1945","15:30:00.00","-15.9","-73.2","20","3.9","",""
"30/03/1945","03:00:00.00","-16.5","-72","25","3.5","",""
"04/04/1945","10:10:00.00","-9.6","-75.9","30","3.9","",""
"06/04/1945","09:00:00.00","-5.85","-77","30","3.9","",""
"07/04/1945","17:56:00.00","-4.4","-81.6","30","4.3","",""
"11/04/1945","09:54:00.00","-13.5","-75.26","30","3.5","",""
"14/04/1945","06:47:00.00","-17","-71.6","25","4.2","",""
"15/04/1945","12:13:00.00","-7.7","-79.6","50","4.5","",""
"30/04/1945","03:50:00.00","-16.6","-71.8","30","3.4","",""
"02/05/1945","05:55:00.00","-18.2","-69.95","30","3.8","",""
"02/05/1945","05:58:00.00","-4.6","-81.6","30","4.9","",""
"02/05/1945","09:30:00.00","-5.2","-81.4","30","4.6","",""
"02/05/1945","09:45:00.00","-10.6","-75.7","25","4.2","",""
"06/05/1945","10:00:00.00","-12","-77.8","40","4.8","",""
"07/05/1945","09:30:00.00","-5.3","-80.55","80","4.7","",""
"11/05/1945","05:00:00.00","-13.5","-75.26","30","3","",""
"14/05/1945","02:30:00.00","-12","-77.8","40","4.3","",""
"16/05/1945","13:45:00.00","-4.4","-81.6","30","4.4","",""
"24/05/1945","15:30:00.00","-13.5","-75.26","25","3.4","",""
"30/05/1945","20:00:00.00","-12","-77.8","40","4.3","",""
"31/05/1945","09:55:00.00","-15.06","-74.68","20","3.4","",""
"01/06/1945","08:50:00.00","-8.2","-79.2","50","3.8","",""
"04/06/1945","10:20:00.00","-15.5","-73","110","5","",""
"10/06/1945","02:22:00.00","-13.6","-76.6","50","4.3","",""
"14/06/1945","19:05:40.00","-5","-80.8","","4.5","",""
"15/06/1945","11:46:00.00","-11.6","-77.5","60","4","",""
"15/06/1945","15:46:00.00","-11.6","-77.5","60","4","",""
"18/06/1945","07:00:00.00","-15.6","-74.8","60","4.3","",""
"20/06/1945","06:00:00.00","-15.6","-74.8","60","4.3","",""
"26/06/1945","05:00:00.00","-15.6","-74.8","60","4.3","",""
"07/07/1945","16:25:00.00","-16.5","-72.1","30","3.3","",""
"10/07/1945","01:02:00.00","-12","-77.8","50","4.3","",""
"13/07/1945","13:28:00.00","-16.5","-72.1","15","3.6","",""
"14/07/1945","21:30:00.00","-12","-77.8","40","4.3","",""
"18/07/1945","06:32:36.00","-16.608","-72.222","70","4.6","",""
"21/07/1945","08:30:00.00","-11.8","-77.6","40","4.6","",""
"23/07/1945","10:25:00.00","-17.9","-70.3","30","3.5","",""
"26/07/1945","14:20:00.00","-13","-76.2","80","4.7","",""
"04/08/1945","00:00:00.00","-5.85","-77","30","4.1","",""
"07/08/1945","10:30:00.00","-15.6","-74.8","90","4.2","",""
"07/08/1945","20:15:00.00","-13","-76.2","80","4.7","",""
"10/08/1945","04:23:00.00","-12.8","-77.4","90","5","",""
"10/08/1945","08:47:00.00","-17","-71.1","30","3.7","",""
"16/08/1945","18:15:00.00","-12","-77.8","40","4.3","",""
"19/08/1945","05:30:26.00","-11","-76","30","4.4","",""
"20/08/1945","06:00:00.00","-15.6","-74.8","90","4.7","",""
"21/08/1945","16:29:37.00","-11.565","-76.1","150","5.9","6.8",""
"30/08/1945","06:25:00.00","-8.6","-79.6","60","4.8","",""
"05/09/1945","08:25:00.00","-18.1","-70","30","3.7","",""
"09/09/1945","09:30:00.00","-14.5","-76","40","4.2","",""
"09/09/1945","12:56:20.00","-15.248","-76.281","40","","6.1",""
"13/09/1945","18:00:00.00","-9.6","-78.6","70","4.1","",""
"16/09/1945","15:56:00.00","-17","-71.2","30","3.8","",""
"21/09/1945","10:34:00.00","-12","-77.8","40","4.3","",""
"22/09/1945","13:10:00.00","-5.5","-80.9","50","4","",""
"23/09/1945","11:05:00.00","-13","-76.2","80","4.2","",""
"25/09/1945","17:45:00.00","-13","-76.2","80","4.7","",""
"29/09/1945","04:27:46.00","-6.436","-77.125","20","5.6","6.1",""
"30/09/1945","01:43:00.00","-16.5","-72.1","35","3.3","",""
"01/10/1945","03:15:00.00","-6.2","-77.3","40","3.8","",""
"01/10/1945","05:15:00.00","-6.47","-77.17","40","3.6","",""
"02/10/1945","22:43:00.00","-16.2","-71.8","30","3.7","",""
"05/10/1945","00:30:00.00","-12","-77.8","40","4.6","",""
"05/10/1945","04:15:00.00","-6.47","-77.17","40","4.4","",""
"05/10/1945","11:15:00.00","-6.47","-77.17","40","4.1","",""
"08/10/1945","04:05:00.00","-12","-77.8","40","4.3","",""
"17/10/1945","16:50:00.00","-17","-72.2","60","4.1","",""
"20/10/1945","12:00:00.00","-12.1","-77.6","30","4.5","",""
"21/10/1945","12:45:00.00","-10.8","-78.2","50","4","",""
"24/10/1945","21:15:00.00","-3.5","-80.7","40","3.6","",""
"28/10/1945","07:20:00.00","-17","-70.9","35","3.2","",""
"31/10/1945","10:23:00.00","-3.5","-80.7","40","4.1","",""
"06/11/1945","02:35:00.00","-7.3","-78.5","20","3.3","",""
"12/11/1945","15:34:00.00","-14.9","-75.1","90","4.9","",""
"21/11/1945","17:00:00.00","-12.5","-76.3","100","5","",""
"21/11/1945","18:55:00.00","-13.3","-76.2","90","4.4","",""
"22/11/1945","07:07:00.00","-13.6","-76.6","60","4.4","",""
"26/11/1945","01:03:58.00","-11","-69","700","","6.1",""
"27/11/1945","01:30:00.00","-15.6","-74.8","60","4.3","",""
"27/11/1945","15:55:00.00","-13","-76.2","80","4.2","",""
"28/11/1945","13:56:00.00","-12","-77.8","40","4.3","",""
"30/11/1945","08:40:00.00","-17","-71.2","30","3.8","",""
"07/12/1945","02:00:00.00","-13.5","-75.26","25","3.4","",""
"12/12/1945","08:25:00.00","-12","-77.8","40","4.3","",""
"15/12/1945","01:15:00.00","-13.5","-75.26","30","3","",""
"15/12/1945","05:32:00.00","-6.2","-77.3","40","4.1","",""
"20/12/1945","07:00:00.00","-16.5","-72.1","15","4.1","",""
"21/12/1945","12:56:00.00","-12","-77.8","40","4.3","",""
"29/12/1945","01:00:00.00","-10.6","-75.65","30","4.2","",""
"01/01/1946","15:25:00.00","-14.9","-75.1","90","4.7","",""
"05/01/1946","07:38:00.00","-10.6","-75.65","25","4.4","",""
"15/01/1946","08:55:00.00","-12","-77.8","40","4.3","",""
"05/02/1946","00:30:00.00","-15.8","-74.6","50","4.3","",""
"06/02/1946","22:52:00.00","-11.8","-75.1","40","3.4","",""
"08/02/1946","22:00:00.00","-12","-77.8","40","4.3","",""
"15/02/1946","01:30:00.00","-13","-76.2","80","4.7","",""
"17/02/1946","08:40:00.00","-5.65","-78","40","4.4","",""
"17/02/1946","23:14:00.00","-12","-77.5","40","4.1","",""
"21/02/1946","10:48:00.00","-13.57","-71.96","25","3.4","",""
"06/03/1946","02:15:00.00","-11.8","-77.5","40","3.8","",""
"10/03/1946","04:24:00.00","-11.15","-75.9","30","3.9","",""
"18/03/1946","10:25:00.00","-4.4","-81.6","30","4.6","",""
"27/03/1946","15:30:00.00","-15.6","-74.8","50","4.2","",""
"04/04/1946","15:48:00.00","-9.8","-78.6","50","4.6","",""
"06/04/1946","17:50:00.00","-12","-77.8","40","4.3","",""
"09/04/1946","10:50:00.00","-12","-77.8","40","4.3","",""
"13/04/1946","18:00:00.00","-15.6","-74.8","60","4.3","",""
"16/04/1946","23:30:00.00","-15.6","-74.8","60","4.3","",""
"17/04/1946","09:40:00.00","-12","-77.8","40","4.3","",""
"17/04/1946","17:30:00.00","-13.44","-72.51","25","3.6","",""
"05/05/1946","10:00:00.00","-13.5","-76","90","4.2","",""
"06/05/1946","17:30:00.00","-16.5","-71.72","20","3.5","",""
"07/05/1946","23:18:00.00","-15.65","-74.15","20","4.1","",""
"08/05/1946","15:45:00.00","-17.9","-70","30","3.7","",""
"10/05/1946","09:10:00.00","-12","-77.8","40","4.8","",""
"22/05/1946","14:20:00.00","-18.1","-69.85","30","3.4","",""
"26/05/1946","09:00:00.00","-17.3","-72.4","30","4.2","",""
"27/05/1946","04:15:00.00","-17.3","-72.4","30","4.2","",""
"29/05/1946","10:50:00.00","-11.2","-78","40","3.9","",""
"30/05/1946","16:56:00.00","-13.544","-71.964","25","3.3","",""
"02/06/1946","04:15:00.00","-15.6","-74.8","60","3.8","",""
"04/06/1946","13:35:00.00","-10.7","-78.2","40","3.9","",""
"06/06/1946","04:00:00.00","-11.66","-76.32","30","3","",""
"10/06/1946","17:00:00.00","-5.85","-77","30","4.4","",""
"16/06/1946","04:05:00.00","-17.3","-72.4","30","4.2","",""
"26/06/1946","20:20:00.00","-3.617","-81.331","30","4.9","",""
"27/06/1946","11:45:00.00","-17.8","-70.2","30","3.6","",""
"01/07/1946","11:00:00.00","-5.6","-78.96","20","3.4","",""
"04/07/1946","03:16:00.00","-8.3","-79.4","40","4.7","",""
"04/07/1946","04:41:00.00","-15.65","-74.15","20","4.6","",""
"12/07/1946","16:15:00.00","-5.6","-78.96","20","3.4","",""
"12/07/1946","23:00:00.00","-5.6","-78.96","25","3","",""
"13/07/1946","12:43:00.00","-5.6","-78.96","25","3","",""
"18/07/1946","11:51:00.00","-18.1","-70","30","4.2","",""
"23/07/1946","14:35:00.00","-4","-80.7","30","4.2","",""
"26/07/1946","06:44:45.00","-19.75","-70.5","200","","6.8",""
"01/08/1946","21:21:00.00","-9","-75.2","30","4.6","",""
"06/08/1946","13:17:00.00","-18","-69.2","30","4.2","",""
"07/08/1946","15:15:00.00","-9.04","-77.78","25","3.2","",""
"12/08/1946","15:38:00.00","-9.6","-78.7","40","4.4","",""
"16/08/1946","13:18:00.00","-14.4","-76.3","40","4.6","",""
"17/08/1946","15:32:00.00","-9.4","-75.4","30","4.6","",""
"25/08/1946","01:20:00.00","-6.2","-77.3","20","4.1","",""
"02/09/1946","10:10:00.00","-5","-78.9","30","3.9","",""
"16/09/1946","12:56:00.00","-15.8","-74.6","60","4.4","",""
"22/09/1946","02:55:00.00","-11.9","-77.5","40","4.4","",""
"26/09/1946","20:50:00.00","-12","-77.8","40","4.3","",""
"27/09/1946","18:30:00.00","-12","-77.8","40","4.3","",""
"30/09/1946","00:59:40.00","-14.332","-76.664","50","6","7",""
"09/10/1946","08:30:00.00","-13.5","-76","90","4.9","",""
"10/10/1946","16:13:45.00","-11.83","-76.6","30","3","",""
"17/10/1946","21:15:00.00","-13.5","-76","90","4.7","",""
"23/10/1946","20:00:00.00","-6.85","-78.46","20","3.8","",""
"27/10/1946","04:54:00.00","-12.4","-76.4","90","4.7","",""
"05/11/1946","02:30:00.00","-16.5","-71.7","18","3.4","",""
"10/11/1946","17:42:53.00","-8.47","-77.86","15","6.9","7.3","6.8"
"16/11/1946","09:59:00.00","-18.1","-70","30","4.2","",""
"16/11/1946","16:36:00.00","-11.83","-76.6","30","3.4","",""
"19/11/1946","08:48:00.00","-12.87","-76.406","90","5.6","",""
"05/12/1946","07:55:00.00","-12.395","-76.451","90","5","",""
"09/12/1946","15:05:00.00","-10.8","-78.1","40","4.3","",""
"10/12/1946","12:45:00.00","-5.4","-80.8","40","4.3","",""
"10/12/1946","18:45:00.00","-8.47","-77.72","25","3.5","",""
"13/12/1946","12:49:00.00","-6","-81.3","","5.6","",""
"14/12/1946","00:14:00.00","-4","-80.7","30","3.7","",""
"05/01/1947","19:52:00.00","-17.1","-71.5","30","4.2","",""
"08/01/1947","04:40:00.00","-12","-77.8","40","4.3","",""
"03/02/1947","16:43:00.00","-9.763","-76.418","40","4.3","",""
"09/02/1947","14:51:00.00","-11.6","-76","30","3.4","",""
"09/02/1947","15:18:00.00","-11.2","-75.4","15","4.3","",""
"24/02/1947","17:31:00.00","-15.31","-68.81","20","","6.8",""
"25/02/1947","08:55:00.00","-7.95","-77.7","25","4.3","",""
"26/02/1947","21:34:00.00","-4","-80.7","30","3.7","",""
"16/03/1947","01:15:00.00","-6.54","-78.62","25","3.3","",""
"27/03/1947","05:30:00.00","-12","-77.8","40","4.3","",""
"28/03/1947","08:40:00.00","-11.1","-74.8","30","3.8","",""
"01/04/1947","10:13:00.00","-11.2","-75.4","40","4","",""
"01/04/1947","14:17:00.00","-17.9","-70.7","70","4.6","",""
"03/04/1947","02:57:00.00","-11.2","-75.4","40","4","",""
"04/04/1947","03:15:00.00","-12","-77.8","40","4.5","",""
"06/04/1947","05:30:00.00","-11.4","-78.1","40","4.8","",""
"08/04/1947","01:30:00.00","-12","-77.8","40","4.3","",""
"08/04/1947","12:25:00.00","-11.721","-76.92","100","5","",""
"19/04/1947","08:06:00.00","-11.1","-74.8","30","4.8","",""
"20/04/1947","02:05:00.00","-13.5","-72.7","25","3.6","",""
"01/06/1947","22:21:00.00","-8.3","-75.1","30","4.2","",""
"05/06/1947","14:00:00.00","-8.48","-77.38","20","3.4","",""
"01/07/1947","14:30:00.00","-8.48","-77.38","25","3.3","",""
"05/07/1947","07:20:00.00","-17.4","-70.2","110","4.9","",""
"06/07/1947","01:00:00.00","-8.48","-77.38","25","3.3","",""
"12/07/1947","04:27:00.00","-9.392","-79.122","40","","6.1",""
"19/07/1947","15:10:00.00","-10.8","-78.1","40","4.1","",""
"22/07/1947","15:15:00.00","-13.34","-76","90","4.2","",""
"23/07/1947","02:25:00.00","-13.5","-76","90","4.7","",""
"25/07/1947","09:55:00.00","-8.2","-79.3","40","4.5","",""
"29/07/1947","12:45:00.00","-8.33","-77.5","20","4.2","",""
"30/07/1947","11:50:00.00","-12","-77.8","40","4.5","",""
"31/07/1947","21:30:00.00","-4.65","-79.45","20","3.5","",""
"01/08/1947","05:20:00.00","-12","-77.8","40","4.5","",""
"02/08/1947","23:45:00.00","-8.33","-77.5","20","3.7","",""
"03/08/1947","14:20:00.00","-12","-77.8","40","4.3","",""
"04/08/1947","02:23:00.00","-4","-80.7","30","3.7","",""
"06/08/1947","03:23:00.00","-4","-80.7","30","4.2","",""
"11/08/1947","08:20:00.00","-13.5","-76","90","4.7","",""
"12/08/1947","12:20:00.00","-12","-76.7","80","4.2","",""
"14/08/1947","10:15:00.00","-16.7","-71.8","20","3.9","",""
"15/08/1947","02:30:00.00","-11.15","-75.9","40","3.5","",""
"15/08/1947","03:30:00.00","-11.15","-75.9","40","4","",""
"19/08/1947","04:57:00.00","-10.6","-75.65","25","4.5","",""
"23/08/1947","04:50:00.00","-12","-77.8","40","4.3","",""
"23/08/1947","21:15:00.00","-11.25","-74.85","40","3.8","",""
"24/08/1947","05:15:00.00","-11.83","-76.6","30","3","",""
"24/08/1947","16:27:00.00","-11.25","-74.85","40","3.8","",""
"25/08/1947","09:10:00.00","-16.7","-71.8","20","3.4","",""
"05/09/1947","01:41:00.00","-8.6","-75.8","30","4.5","",""
"10/09/1947","11:20:00.00","-15.6","-74.8","60","4.3","",""
"15/09/1947","04:00:00.00","-10.2","-75.8","40","4.2","",""
"18/09/1947","13:15:00.00","-13.5","-76","90","4.7","",""
"22/09/1947","03:51:00.00","-10.333","-75.881","100","4.7","",""
"25/09/1947","23:50:00.00","-15","-73.73","110","5","",""
"26/09/1947","16:48:00.00","-8.32","-77.93","20","3.1","",""
"29/09/1947","06:30:00.00","-4.2","-80.7","30","4.1","",""
"30/09/1947","19:57:00.00","-5.85","-78.8","20","3.3","",""
"01/10/1947","08:00:00.00","-12","-77.8","40","4.3","",""
"01/10/1947","12:30:00.00","-8.264","-77.588","20","4","",""
"03/10/1947","00:15:00.00","-8.3","-77.6","30","3.2","",""
"05/10/1947","09:10:00.00","-8.3","-77.6","30","3","",""
"07/10/1947","12:00:00.00","-8.35","-77.45","20","3.5","",""
"08/10/1947","17:09:00.00","-9.5","-78.6","40","4.3","",""
"13/10/1947","08:45:00.00","-16.5","-71.7","30","3.9","",""
"14/10/1947","05:15:00.00","-17.2","-70.7","30","3.2","",""
"15/10/1947","08:00:00.00","-13.6","-76","90","4.8","",""
"17/10/1947","09:48:00.00","-4","-80.7","30","4.2","",""
"19/10/1947","21:12:00.00","-11.15","-75.9","40","4.5","",""
"24/10/1947","21:00:00.00","-16.5","-71.7","15","3.3","",""
"31/10/1947","15:00:00.00","-13","-72.5","20","4","",""
"01/11/1947","14:58:53.00","-11.257","-75.088","100","6.2","7.3",""
"08/11/1947","05:24:19.00","-2.1","-76.8","","","6",""
"08/11/1947","05:29:19.00","-2.1","-76.8","","","6",""
"15/11/1947","22:10:00.00","-12","-77.8","40","4.3","",""
"18/11/1947","04:40:00.00","-12","-77.8","40","4.3","",""
"23/11/1947","14:56:00.00","-11.8","-77.5","40","4.4","",""
"24/11/1947","06:52:00.00","-11.9","-76.9","80","4.7","",""
"25/11/1947","18:40:00.00","-11.1","-74.8","30","4.3","",""
"27/11/1947","02:27:00.00","-4","-80.7","30","4.2","",""
"28/11/1947","07:05:00.00","-11.1","-74.8","30","3.8","",""
"29/11/1947","04:50:00.00","-12.1","-77.5","40","3.9","",""
"01/12/1947","17:10:00.00","-12.1","-77.5","40","3.9","",""
"04/12/1947","19:00:00.00","-13","-76.2","90","4.3","",""
"11/12/1947","11:00:00.00","-12.1","-77.5","40","3.9","",""
"13/12/1947","12:10:00.00","-10.2","-75.6","40","4.3","",""
"04/01/1948","10:17:00.00","-13.6","-76.6","80","4.3","",""
"10/01/1948","08:55:00.00","-11.1","-74.8","30","4.3","",""
"10/01/1948","18:26:00.00","-13.57","-71.93","30","3","",""
"12/01/1948","04:45:00.00","-11.8","-75.1","30","3.8","",""
"16/01/1948","04:45:00.00","-7.8","-79.5","40","3.6","",""
"18/01/1948","01:17:00.00","-11.1","-74.8","40","4.6","",""
"26/01/1948","02:05:00.00","-11.1","-74.8","30","4.3","",""
"27/01/1948","11:45:00.00","-7.32","-78.42","30","3.1","",""
"28/01/1948","15:00:00.00","-15","-73.5","30","3.3","",""
"29/01/1948","03:42:00.00","-11.1","-74.8","30","4.3","",""
"31/01/1948","00:30:00.00","-12.1","-77.5","40","3.9","",""
"09/02/1948","22:22:00.00","-12.1","-77.5","40","3.9","",""
"14/02/1948","23:28:00.00","-8.3","-77.2","20","3.4","",""
"15/02/1948","00:29:00.00","-8.3","-77.2","20","4.3","",""
"15/02/1948","03:23:00.00","-8.3","-77.2","20","3.4","",""
"17/02/1948","10:16:00.00","-17.2","-71.1","30","3.6","",""
"18/02/1948","19:33:00.00","-3.9","-80.8","40","3.7","",""
"19/02/1948","06:50:00.00","-3.9","-80.8","40","4","",""
"20/02/1948","01:23:11.00","-5","-80.7","","5.1","",""
"20/02/1948","01:26:32.00","-5","-80.7","","5.1","",""
"22/02/1948","10:58:00.00","-12.2","-77.5","40","4.6","",""
"26/02/1948","18:10:00.00","-8.15","-78.05","20","3.1","",""
"04/03/1948","10:00:00.00","-10.6","-75.4","30","4.5","",""
"06/03/1948","05:17:00.00","-11.1","-74.8","40","4.6","",""
"06/03/1948","11:15:00.00","-13.6","-76.6","90","4.8","",""
"15/03/1948","10:00:00.00","-12.2","-77.5","40","4","",""
"17/03/1948","19:20:00.00","-12.2","-77.5","40","4","",""
"19/03/1948","16:49:00.00","-3.9","-80.8","40","3.7","",""
"24/03/1948","21:55:00.00","-14.4","-76.3","60","4.4","",""
"27/03/1948","01:40:00.00","-9.9","-75.4","30","4","",""
"04/04/1948","14:05:00.00","-11.67","-78.167","40","4.8","",""
"14/04/1948","04:38:00.00","-11.8","-75.1","30","4.5","",""
"17/04/1948","12:00:00.00","-12","-77.8","40","4.5","",""
"18/04/1948","00:05:00.00","-7","-80.3","40","4.8","",""
"24/04/1948","01:15:00.00","-16.5","-71.7","30","3.9","",""
"29/04/1948","00:28:00.00","-5.95","-78.7","20","3.1","",""
"30/04/1948","12:12:00.00","-3.9","-80.8","40","4.3","",""
"01/05/1948","00:55:00.00","-8.9","-75.6","30","3.9","",""
"11/05/1948","08:55:41.00","-17.5","-70.25","70","7.4","7.3",""
"12/05/1948","08:00:00.00","-18.1","-70","30","3.2","",""
"15/05/1948","00:15:00.00","-8.2","-79.3","40","3.7","",""
"28/05/1948","05:36:16.00","-13","-76.5","60","6","7",""
"03/06/1948","04:15:00.00","-9.4","-75.4","30","4.6","",""
"11/06/1948","00:15:00.00","-7.8","-79.5","40","4.2","",""
"12/06/1948","03:40:00.00","-7.8","-79.5","40","3.7","",""
"14/06/1948","09:20:00.00","-7.7","-74.3","200","","6.1",""
"15/06/1948","00:10:00.00","-7.8","-79.5","40","4.3","",""
"15/06/1948","05:01:00.00","-16.5","-71.7","30","3.2","",""
"18/06/1948","00:15:00.00","-7.3","-79.5","40","4.1","",""
"23/06/1948","07:25:00.00","-17.3","-70.8","30","3.1","",""
"23/06/1948","07:45:00.00","-17.296","-70.796","30","3.6","",""
"24/06/1948","01:30:00.00","-17.1","-71.1","30","3.1","",""
"01/07/1948","20:25:00.00","-11.9","-77.5","40","3.8","",""
"02/07/1948","19:05:00.00","-17.1","-71.1","30","3.6","",""
"04/07/1948","07:30:00.00","-17.2","-70.8","30","3.5","",""
"05/07/1948","00:45:00.00","-17.3","-70.8","30","3.1","",""
"05/07/1948","19:07:00.00","-17.1","-71.2","30","3.2","",""
"20/07/1948","11:02:17.00","-16.238","-74.24","30","6.1","7.1",""
"21/07/1948","04:20:00.00","-17.2","-71.1","30","3.6","",""
"04/08/1948","05:45:00.00","-11.7","-77.8","40","4.5","",""
"15/08/1948","07:35:00.00","-12.6","-76.5","80","4.4","",""
"16/08/1948","11:15:00.00","-13.42","-72.8","25","3.8","",""
"17/08/1948","17:45:00.00","-13.5","-76","90","4.4","",""
"19/08/1948","23:45:00.00","-12.6","-76.5","80","4.4","",""
"20/08/1948","12:00:00.00","-12.2","-77.5","40","4","",""
"31/08/1948","12:47:00.00","-3.9","-80.8","40","4.3","",""
"05/09/1948","10:14:00.00","-12.2","-77.5","40","4.5","",""
"08/09/1948","01:30:00.00","-13","-76.2","90","4.3","",""
"21/09/1948","08:25:00.00","-12.6","-77.5","80","4.7","",""
"23/09/1948","21:16:00.00","-5.4","-80.8","80","4.2","",""
"27/09/1948","09:27:00.00","-3.9","-80.8","40","4.3","",""
"02/10/1948","18:10:00.00","-14","-72.8","30","4.3","",""
"09/10/1948","10:25:00.00","-13","-76.2","90","4.3","",""
"09/10/1948","21:45:00.00","-18","-69.92","30","3.3","",""
"10/10/1948","08:40:00.00","-13.44","-72.51","25","3.3","",""
"10/10/1948","17:00:00.00","-17.3","-70.8","30","3.6","",""
"12/10/1948","07:49:00.00","-12.05","-77.5","40","4.1","",""
"18/10/1948","03:40:00.00","-7.8","-79.5","50","3.8","",""
"29/10/1948","03:05:00.00","-18","-69.92","30","3.8","",""
"01/11/1948","02:11:00.00","-16.6","-71.6","35","3.5","",""
"06/11/1948","10:17:00.00","-13.544","-71.964","25","3.3","",""
"06/11/1948","17:30:00.00","-11.8","-75.1","30","3.8","",""
"13/11/1948","10:05:00.00","-13","-76.2","80","4.2","",""
"18/11/1948","08:18:00.00","-12.345","-77.293","70","4.9","",""
"24/11/1948","18:45:00.00","-16.5","-71.7","25","4","",""
"03/12/1948","04:00:00.00","-11","-75.9","30","3.6","",""
"12/12/1948","14:50:00.00","-8.48","-77.46","25","3.2","",""
"22/12/1948","00:35:00.00","-9.5","-78.6","40","4.5","",""
"25/12/1948","15:20:00.00","-12.1","-77.5","40","3.9","",""
"26/12/1948","17:35:00.00","-3.9","-80.8","30","4.1","",""
"30/12/1948","13:20:00.00","-9.5","-78.6","40","3.8","",""
"01/01/1949","22:47:00.00","-11.1","-74.8","30","4.1","",""
"03/01/1949","10:35:00.00","-12.1","-77.5","40","4.5","",""
"05/01/1949","04:45:00.00","-8.2","-79.3","40","4.3","",""
"06/01/1949","02:12:00.00","-11.1","-74.8","30","4.3","",""
"07/01/1949","07:00:00.00","-11.5","-75","30","4.4","4.7",""
"10/01/1949","04:40:00.00","-16.5","-71.7","25","3.6","",""
"10/01/1949","18:25:00.00","-13.57","-71.93","35","3.1","",""
"11/01/1949","00:58:00.00","-16.5","-71.7","40","3.3","",""
"12/01/1949","21:22:00.00","-16.5","-71.7","25","4","",""
"13/01/1949","16:48:00.00","-12.4","-77.3","50","4.5","",""
"20/01/1949","16:30:00.00","-9.3","-78.8","40","4.3","",""
"25/01/1949","21:30:00.00","-9.6","-78.6","50","3.9","",""
"25/01/1949","23:49:00.00","-8.51","-77.68","20","3.4","",""
"26/01/1949","01:40:00.00","-4.4","-81.6","30","4.6","",""
"26/01/1949","12:45:00.00","-16.5","-71.7","25","3.8","",""
"01/02/1949","22:01:00.00","-5.85","-78.8","20","3.3","",""
"02/02/1949","18:25:00.00","-11.2","-75.4","40","4","",""
"13/02/1949","14:20:00.00","-8.43","-77.55","20","3.3","",""
"24/02/1949","11:35:01.00","-12.5","-75","40","4.4","",""
"02/03/1949","09:00:00.00","-17.8","-70.2","30","3.6","",""
"03/03/1949","08:00:00.00","-10.8","-78.05","40","4.2","",""
"07/03/1949","06:25:00.00","-18.1","-70","30","3.9","",""
"13/03/1949","09:35:00.00","-9.4","-75.4","30","4.6","",""
"17/03/1949","04:30:00.00","-18.1","-70","30","3.7","",""
"17/03/1949","05:49:06.00","-15.5","-69.5","","5.1","",""
"20/03/1949","03:00:00.00","-13.5","-76","90","4.7","",""
"20/03/1949","09:45:00.00","-11.2","-75.4","40","4","",""
"02/04/1949","09:00:00.00","-14.9","-75.1","90","4.9","",""
"05/04/1949","07:00:00.00","-13.5","-76","90","4.7","",""
"10/04/1949","19:12:00.00","-8.38","-77.46","30","3.2","",""
"12/04/1949","22:00:00.00","-13","-76.2","90","4.8","",""
"14/04/1949","08:00:00.00","-13.5","-76","90","4.7","",""
"16/04/1949","01:45:00.00","-13.5","-71.6","25","3.8","",""
"23/04/1949","00:30:14.00","-11.26","-75","90","4.7","",""
"25/04/1949","13:54:59.00","-19.75","-69","","6.4","7.3",""
"02/05/1949","01:05:00.00","-17.2","-70.7","30","3.2","",""
"12/05/1949","03:25:00.00","-8.44","-77.57","20","3.2","",""
"13/05/1949","02:27:00.00","-11.9","-76.4","30","3.2","",""
"16/05/1949","15:10:00.00","-12.4","-77.4","40","4.3","",""
"17/05/1949","04:55:00.00","-12","-76.85","90","4.6","",""
"19/05/1949","21:46:00.00","-12.4","-77.4","40","4.5","",""
"20/05/1949","04:00:00.00","-13.5","-76","90","4.7","",""
"21/05/1949","23:05:00.00","-5.6","-78.96","20","3.4","",""
"30/05/1949","01:43:00.00","-18.1","-70","30","3.7","",""
"30/05/1949","08:36:00.00","-4","-81.5","30","5","",""
"03/06/1949","17:45:00.00","-4","-81.5","30","5","",""
"16/06/1949","02:25:00.00","-15.65","-74.15","20","4.1","",""
"28/06/1949","19:20:00.00","-12.4","-77.4","40","4","",""
"03/07/1949","11:50:00.00","-4","-80.8","30","3.2","",""
"04/07/1949","01:35:00.00","-8.46","-77.57","30","3.2","",""
"11/07/1949","00:00:00.00","-8.48","-77.42","30","3","",""
"13/07/1949","07:45:00.00","-16.62","-71.5","25","3.6","",""
"13/07/1949","16:50:00.00","-8.48","-77.42","25","3.3","",""
"15/07/1949","05:30:00.00","-8.32","-77.51","20","4","",""
"21/07/1949","08:01:39.00","-15.5","-73","150","","6.5",""
"25/07/1949","05:45:00.00","-11.15","-75.9","20","4.3","",""
"26/07/1949","05:20:00.00","-12.4","-77.4","40","4.5","",""
"29/07/1949","16:45:00.00","-8.41","-77.6","30","3.5","",""
"01/08/1949","14:44:00.00","-12","-77.5","40","4.2","",""
"06/08/1949","02:54:00.00","-12.4","-77.4","40","4.5","",""
"10/08/1949","01:30:00.00","-8.33","-77.53","25","3.6","",""
"10/08/1949","21:15:00.00","-12.4","-77.4","40","4","",""
"19/08/1949","04:41:00.00","-11.95","-76.55","30","3.5","",""
"22/08/1949","06:20:00.00","-18.1","-70","30","3.7","",""
"25/08/1949","18:45:00.00","-17","-71","30","3.9","",""
"30/08/1949","14:55:00.00","-12.4","-77.4","40","3.9","",""
"09/09/1949","10:30:00.00","-8.44","-77.48","25","3.3","",""
"14/10/1949","01:37:00.00","-3.8","-80.8","30","4","",""
"26/10/1949","17:15:00.00","-13","-76.2","90","4.8","",""
"03/11/1949","22:15:00.00","-11.2","-75.4","30","3.4","",""
"05/11/1949","23:45:00.00","-11.2","-75.4","30","3.9","",""
"15/11/1949","16:30:00.00","-8.32","-77.57","20","3.5","",""
"21/11/1949","05:45:00.00","-11.2","-75.4","30","3.9","",""
"28/11/1949","08:00:00.00","-17.3","-72.4","30","4.3","",""
"02/12/1949","01:35:00.00","-12.4","-77.4","40","4.3","",""
"03/12/1949","12:01:54.00","-18","-70","","5.5","",""
"18/12/1949","20:32:00.00","-5","-77.3","30","3.4","",""
"22/12/1949","07:58:00.00","-11.25","-74.9","100","4.8","",""
"23/12/1949","06:30:00.00","-8.32","-77.57","20","3.5","",""
"03/01/1950","06:00:00.00","-12.4","-77.4","40","4.3","",""
"03/01/1950","19:35:00.00","-13","-76.2","90","4.8","",""
"13/01/1950","03:00:00.00","-8.43","-77.55","20","3.5","",""
"16/01/1950","02:30:00.00","-13.5","-71.2","15","3.6","",""
"17/01/1950","05:00:00.00","-13.5","-71.2","15","4.1","",""
"26/01/1950","06:00:00.00","-13.5","-71.2","25","3.5","",""
"02/02/1950","06:45:00.00","-12.2","-77.5","40","4.5","",""
"21/02/1950","00:25:00.00","-4.4","-81","30","3.8","",""
"26/02/1950","08:55:00.00","-7.4","-79.9","40","4.3","",""
"05/03/1950","02:17:18.00","-12.2","-77.5","40","4.7","",""
"07/03/1950","08:03:00.00","-8","-71","","","8.6",""
"11/03/1950","09:20:00.00","-12.4","-77.3","40","3.9","",""
"14/03/1950","03:10:02.00","-9.601","-75.625","150","5.9","6.8",""
"14/03/1950","09:40:00.00","-10.3","-75.7","150","5","",""
"21/03/1950","09:00:00.00","-12.4","-77.3","40","3.9","",""
"22/03/1950","23:43:00.00","-11.1","-74.8","30","4.5","",""
"26/04/1950","06:11:48.00","-11.1","-74.8","30","4.5","",""
"21/05/1950","18:37:40.00","-13.477","-72.102","15","5.6","6",""
"23/05/1950","21:00:00.00","-13.57","-71.93","30","3","",""
"24/05/1950","00:00:00.00","-13.57","-71.93","30","3","",""
"25/05/1950","18:03:00.00","-13.544","-71.964","25","3.6","",""
"27/05/1950","08:15:00.00","-17.2","-70.6","30","3.8","",""
"28/05/1950","09:00:00.00","-13.57","-71.93","30","3","",""
"31/05/1950","00:45:00.00","-12.4","-77.5","40","4.9","",""
"01/06/1950","08:00:00.00","-13.57","-71.93","30","3","",""
"02/06/1950","12:40:00.00","-4.4","-81","30","3.6","",""
"02/06/1950","18:52:00.00","-18.1","-70","30","3.2","",""
"07/06/1950","16:52:34.00","-4.9","-76.742","150","6.2","6.8",""
"09/06/1950","18:40:00.00","-13.4","-73.2","30","4","",""
"14/06/1950","07:59:23.00","-14.5","-70","287","5.1","",""
"14/06/1950","08:04:00.00","-17.8","-70.2","30","3.6","",""
"16/06/1950","08:05:00.00","-14.05","-71.55","20","3.4","",""
"17/06/1950","21:25:00.00","-11.7","-77","90","4.9","",""
"22/06/1950","22:53:37.00","-15","-70","-","4.9","",""
"22/06/1950","22:55:00.00","-17.2","-70.7","30","4.2","",""
"29/06/1950","06:30:00.00","-16.6","-71.6","40","3.4","",""
"30/06/1950","10:25:00.00","-16.5","-71.7","40","3.8","",""
"30/06/1950","21:15:00.00","-17.7","-70.3","30","3.8","",""
"09/07/1950","02:38:00.00","-8","-79.4","40","4.4","",""
"09/07/1950","05:20:00.00","-8.9","-74.3","40","4.6","",""
"09/07/1950","09:45:07.00","-8.2","-71","667","5.8","6.4",""
"13/07/1950","20:38:00.00","-17.5","-70","120","4.9","",""
"15/07/1950","04:30:00.00","-17.5","-70","120","4.6","",""
"17/07/1950","12:25:00.00","-14.1","-71.5","20","4.3","",""
"22/07/1950","22:55:00.00","-17.2","-70.8","30","3","",""
"06/08/1950","20:35:00.00","-8.4","-77.58","20","4.3","",""
"08/08/1950","03:35:00.00","-7","-80.3","40","4.8","",""
"10/08/1950","02:55:00.00","-12.2","-77.5","40","4","",""
"18/08/1950","10:33:00.00","-5.58","-78.9","20","3.3","",""
"21/08/1950","10:25:00.00","-8.2","-79.3","40","4.3","",""
"25/08/1950","03:35:00.00","-13.7","-71.85","25","3.6","",""
"04/09/1950","17:45:00.00","-13.5","-71.2","15","3.8","",""
"16/09/1950","16:16:00.00","-12.4","-77.5","40","4.1","",""
"18/09/1950","19:36:43.00","-8","-71","650","5.6","6",""
"24/09/1950","16:26:00.00","-11.1","-74.8","40","4.1","",""
"27/09/1950","08:07:00.00","-11.1","-74.8","30","4.3","",""
"08/10/1950","05:40:00.00","-8","-79.5","40","4.2","",""
"04/11/1950","01:30:00.00","-13.6","-76","90","","4.8",""
"06/11/1950","07:00:00.00","-8.44","-77.57","20","3.5","",""
"15/11/1950","17:45:00.00","-17.3","-70.6","30","4.1","",""
"16/11/1950","16:48:00.00","-14.3","-76.5","50","","4.6",""
"18/11/1950","09:40:00.00","-3.4","-80.6","30","4","",""
"20/11/1950","21:48:00.00","-17.3","-70.6","30","4.3","",""
"27/11/1950","14:13:00.00","-18","-69.9","30","4.1","",""
"02/12/1950","15:19:22.00","-8.2","-71","667","5.9","6.8",""
"04/12/1950","13:18:00.00","-12.4","-77.5","40","4.6","",""
"09/12/1950","21:38:48.00","-23.5","-67.5","100","7","8.3",""
"10/12/1950","02:50:42.00","-14.25","-75.75","80","7.1","7",""
"12/12/1950","03:35:00.00","-8.3","-79.25","40","4.3","",""
"25/12/1950","13:25:00.00","-14.3","-75.8","80","4.6","",""
"26/12/1950","21:05:00.00","-12.4","-77.5","40","4.6","",""
"27/12/1950","04:30:00.00","-17","-71.2","30","4.1","",""
"28/12/1950","14:17:26.00","-7.5","-71","650","5.7","6.2",""
"02/01/1951","23:12:04.00","-9.5","-79.5","40","","5.2",""
"10/01/1951","02:52:00.00","-11.8","-77.5","40","4.6","",""
"16/01/1951","16:21:00.00","-14.3","-75.8","80","4.3","",""
"17/01/1951","17:00:00.00","-14.3","-75.8","80","4.8","",""
"19/01/1951","13:20:00.00","-12.4","-77.5","40","4.6","",""
"02/02/1951","14:00:00.00","-12.6","-77.4","30","4.3","",""
"04/02/1951","11:06:00.00","-11.9","-77.1","30","4.1","",""
"10/02/1951","01:56:00.00","-11.9","-77.1","30","4.4","",""
"21/02/1951","13:23:00.00","-10.9","-78","40","4.3","",""
"04/03/1951","01:15:00.00","-14.3","-75.8","80","4.6","",""
"04/03/1951","11:17:33.00","-15.439","-73.458","100","5.9","6.9",""
"04/03/1951","17:27:00.00","-15.5","-74","90","4.6","",""
"06/03/1951","10:45:00.00","-5.52","-79","20","3.8","",""
"11/03/1951","05:28:00.00","-12.4","-77.5","40","4.4","",""
"11/03/1951","09:08:14.00","-14","-70","200","5.2","",""
"13/03/1951","07:45:00.00","-14.9","-75.1","90","4.7","",""
"13/03/1951","09:00:00.00","-13.75","-71.65","25","3.4","",""
"14/03/1951","06:20:00.00","-12.4","-77.6","40","4.4","",""
"17/03/1951","19:25:00.00","-13.1","-77","40","4.8","",""
"19/03/1951","17:05:00.00","-12.4","-77.5","40","4.1","",""
"22/03/1951","04:30:00.00","-12.4","-77.4","40","4","",""
"29/03/1951","09:48:00.00","-14","-76","80","5","",""
"07/04/1951","01:16:00.00","-16.7","-71.4","20","4","",""
"08/04/1951","19:31:00.00","-17.2","-71.2","30","4.2","",""
"17/04/1951","11:55:00.00","-9.59","-77.51","25","3.3","",""
"22/04/1951","03:40:00.00","-14.3","-75.8","80","4.8","",""
"23/04/1951","13:20:00.00","-17.3","-70.65","30","3.8","",""
"30/04/1951","12:11:00.00","-16.5","-71.7","25","4","",""
"02/05/1951","04:45:00.00","-12.4","-77.5","40","4.6","",""
"03/05/1951","19:54:00.00","-11.25","-74.9","100","4.9","",""
"10/05/1951","09:50:00.00","-11","-74","83","4.9","",""
"18/05/1951","17:20:00.00","-8.5","-77.37","20","3.7","",""
"23/05/1951","08:50:00.00","-11.1","-74.8","30","4.3","",""
"24/05/1951","18:25:00.00","-16","-72.8","20","4.2","",""
"06/06/1951","17:10:00.00","-12.4","-77.4","40","4","",""
"18/06/1951","09:32:00.00","-14.3","-75.8","80","4.9","",""
"24/06/1951","01:44:26.00","-8.3","-79.8","","5.5","",""
"03/07/1951","11:15:00.00","-16.2","-71.8","30","3.7","",""
"03/07/1951","13:19:00.00","-12.4","-77.5","40","4.6","",""
"14/07/1951","04:59:00.00","-4","-81.3","30","4.8","",""
"23/07/1951","05:02:00.00","-16.6","-71.6","40","4.8","",""
"11/08/1951","00:00:00.00","-13.6","-76.6","80","4.7","",""
"14/08/1951","08:15:00.00","-17.4","-70.4","30","3.9","",""
"20/08/1951","08:40:00.00","-7.5","-79.8","40","4.2","",""
"21/08/1951","16:00:00.00","-16.6","-71.6","40","3.8","",""
"22/08/1951","23:20:00.00","-11.2","-77.9","40","3.8","",""
"27/08/1951","05:00:00.00","-16.2","-72.4","30","4","",""
"30/08/1951","14:30:00.00","-8.55","-77.34","20","4.1","",""
"04/09/1951","23:45:00.00","-4.4","-81.6","30","4.6","",""
"10/09/1951","12:15:00.00","-8.9","-75.7","40","4.4","",""
"14/09/1951","05:29:00.00","-8.1","-79.4","40","4.7","",""
"20/09/1951","01:00:00.00","-4","-81.4","30","4.6","",""
"20/09/1951","07:37:00.00","-4.2","-81.2","30","4.1","",""
"25/09/1951","14:05:00.00","-8.2","-79.3","40","4.1","",""
"28/09/1951","09:28:00.00","-14.3","-75.8","80","4.8","",""
"01/10/1951","09:12:00.00","-14.2","-75.8","80","4.3","",""
"03/10/1951","11:07:09.00","-17.9","-70.8","63","5.8","",""
"12/10/1951","18:22:36.00","-2","-77","","","5.9",""
"09/11/1951","22:10:00.00","-16.596","-71.796","30","3.8","",""
"16/11/1951","13:13:00.00","-12.8","-77","40","4.4","",""
"23/11/1951","05:42:30.00","-12.3","-77.4","40","4.2","",""
"05/12/1951","05:55:00.00","-16.55","-71.6","30","4","",""
"14/12/1951","01:48:00.00","-8.2","-79.3","40","4.8","",""
"05/01/1952","12:00:00.00","-15.5","-74.8","60","4","",""
"15/01/1952","07:00:51.00","-4.26","-80.06","100","","6.5",""
"24/01/1952","16:40:00.00","-7.3","-79.9","50","5","",""
"28/01/1952","20:15:00.00","-12.3","-77.4","40","4.4","",""
"30/01/1952","10:00:00.00","-6.2","-77.3","40","3.8","",""
"03/02/1952","06:38:00.00","-9.6","-77.51","20","3.2","",""
"09/02/1952","04:13:00.00","-10.65","-75.5","28","4.2","",""
"17/02/1952","15:46:00.00","-12.3","-77.4","40","4.2","",""
"26/02/1952","11:31:00.00","-15.738","-70.657","200","5.6","",""
"26/02/1952","12:04:00.00","-16.6","-71.6","30","3.7","",""
"13/03/1952","14:15:00.00","-7.5","-79.8","40","4.2","",""
"15/03/1952","08:49:00.00","-16.2","-72.4","30","4","",""
"23/03/1952","07:11:00.00","-10.8","-75.2","150","5","",""
"23/03/1952","08:25:00.00","-10.8","-75.2","150","4.5","",""
"31/03/1952","12:25:00.00","-6.16","-78.85","20","3.4","",""
"31/03/1952","20:01:00.00","-12.4","-77.4","40","4","",""
"08/04/1952","00:19:07.00","-9","-71","603","","5.8",""
"13/04/1952","12:50:00.00","-17.2","-70.7","30","4.2","",""
"14/04/1952","06:51:00.00","-12.4","-77.4","40","4","",""
"21/04/1952","09:11:00.00","-12","-76.7","90","5","",""
"02/05/1952","18:35:00.00","-12.4","-77.4","40","4.2","",""
"03/05/1952","12:14:11.00","-14.203","-76.323","50","","6.4",""
"03/05/1952","20:41:00.00","-14.3","-75.8","80","4.8","",""
"04/05/1952","16:58:00.00","-14.3","-75.8","80","4.6","",""
"08/05/1952","09:38:58.00","-16.9","-70.3","96","4.3","",""
"10/05/1952","13:54:00.00","-15.6","-73.1","30","3.8","",""
"23/05/1952","10:03:00.00","-18.1","-70","30","4.2","",""
"24/05/1952","01:59:00.00","-18.02","-70.25","","5.9","",""
"25/05/1952","14:30:00.00","-18.1","-70","30","3.2","",""
"26/05/1952","07:44:00.00","-18.1","-70","30","3.7","",""
"08/06/1952","05:31:00.00","-12.4","-77.4","40","4.5","",""
"20/06/1952","16:33:00.00","-8.8","-77.4","25","3.8","",""
"23/06/1952","08:44:00.00","-12.4","-77.4","40","4.8","",""
"26/06/1952","08:10:00.00","-12.4","-77.4","40","4","",""
"06/07/1952","07:00:00.00","-13.55","-71.97","25","3.6","",""
"11/07/1952","07:40:00.00","-12.4","-77.4","40","4.8","",""
"17/07/1952","03:40:00.00","-12.4","-77.4","40","4.5","",""
"17/07/1952","15:14:00.00","-12.4","-77.4","40","4","",""
"22/07/1952","18:05:00.00","-11.6","-77.8","40","4.7","",""
"27/07/1952","02:18:00.00","-12.4","-77.4","40","4.7","",""
"27/07/1952","18:35:00.00","-15.6","-74.8","60","4.2","",""
"03/08/1952","04:22:00.00","-12.3","-77.4","40","4.3","",""
"03/08/1952","18:14:00.00","-12.05","-77.5","30","4.1","",""
"06/08/1952","13:36:00.00","-12.05","-77.5","30","4.6","",""
"14/08/1952","06:25:00.00","-12.05","-77.5","30","4.4","",""
"18/08/1952","14:24:00.00","-12.05","-77.5","30","4.4","",""
"22/08/1952","22:50:00.00","-12.05","-77.5","30","3.8","",""
"26/08/1952","10:45:00.00","-13.55","-71.97","20","3.6","",""
"11/09/1952","12:03:00.00","-8.9","-75.7","40","4.4","",""
"21/09/1952","02:33:00.00","-16.8","-71.3","30","4.3","",""
"23/09/1952","08:08:00.00","-7.4","-79.8","40","4.8","",""
"27/09/1952","22:41:00.00","-12.05","-77.5","30","4.1","",""
"12/10/1952","12:34:00.00","-12.05","-77.5","30","3.9","",""
"14/10/1952","14:53:00.00","-11.25","-74.9","100","4.5","",""
"08/11/1952","06:01:00.00","-12.4","-77.4","40","4","",""
"18/11/1952","14:35:00.00","-11.7","-78","40","4.6","",""
"13/12/1952","02:54:00.00","-17.4","-70.5","30","3.6","",""
"17/12/1952","04:40:00.00","-11.25","-74.9","100","4.8","",""
"31/12/1952","20:42:00.00","-12.05","-77.5","30","3.9","",""
"09/01/1953","07:00:00.00","-8.5","-79.2","40","4.5","",""
"09/01/1953","16:14:00.00","-4.4","-81.6","30","4.9","",""
"11/01/1953","14:17:00.00","-11.95","-76.55","30","3","",""
"18/01/1953","12:52:00.00","-12.05","-77.5","30","3.9","",""
"05/02/1953","22:13:00.00","-12.05","-77.5","30","3.9","",""
"11/02/1953","12:11:00.00","-16.7","-71","120","4.8","",""
"28/02/1953","07:36:00.00","-11.7","-78","40","4.6","",""
"28/02/1953","19:50:00.00","-11.7","-78","40","4.8","",""
"07/03/1953","05:25:00.00","-12.13","-76.87","20","3.7","",""
"08/03/1953","03:05:00.00","-7.7","-79.6","30","4.6","",""
"11/03/1953","05:43:00.00","-12","-77.2","30","4.1","",""
"13/03/1953","05:05:00.00","-12","-77.2","30","4.4","",""
"04/04/1953","11:20:00.00","-10.2","-75","30","3.7","",""
"08/04/1953","13:45:00.00","-15.6","-74.8","60","4.2","",""
"09/04/1953","19:48:00.00","-16.7","-71.5","40","3.5","",""
"13/04/1953","19:35:00.00","-16.7","-71.5","40","3.5","",""
"14/04/1953","13:29:26.00","-8.2","-71","61","","6.6",""
"14/04/1953","18:50:00.00","-16.5","-71.7","25","3.1","",""
"15/04/1953","02:00:00.00","-16.6","-71.5","40","3.4","",""
"17/04/1953","00:02:50.00","-5.315","-77.702","80","5.6","6",""
"23/04/1953","14:18:00.00","-11.25","-74.9","100","4.8","",""
"24/04/1953","07:55:00.00","-18.2","-69.95","30","4.1","",""
"24/04/1953","10:01:00.00","-16.6","-71.5","35","3.8","",""
"26/04/1953","00:28:00.00","-7.3","-78.46","20","4.2","",""
"02/05/1953","23:50:00.00","-17.2","-71.1","20","4.9","",""
"06/05/1953","09:55:00.00","-16.75","-71.4","40","3.5","",""
"12/05/1953","00:09:00.00","-9.3","-78.9","40","4.4","",""
"25/05/1953","04:54:00.00","-16.6","-71.6","40","3.4","",""
"27/05/1953","07:45:00.00","-17.2","-72.3","30","4.5","",""
"28/05/1953","20:49:00.00","-9.3","-78.2","90","","5",""
"29/05/1953","12:38:00.00","-15.6","-74.8","60","4.2","",""
"30/05/1953","15:07:00.00","-12","-76.8","90","4.6","",""
"04/06/1953","02:37:00.00","-6","-77.4","50","4","",""
"04/06/1953","10:10:00.00","-16.6","-71.6","40","4.4","",""
"05/06/1953","07:50:00.00","-11.95","-76.55","25","3.3","",""
"15/06/1953","22:33:00.00","-8.5","-74.4","230","4.8","",""
"17/06/1953","15:30:00.00","-5","-79.43","25","3.1","",""
"17/06/1953","23:45:00.00","-9.2","-78.9","40","4.3","",""
"18/06/1953","09:20:00.00","-16.65","-71.5","40","3.4","",""
"21/06/1953","19:00:00.00","-15.8","-74.6","50","4.3","",""
"23/06/1953","21:15:00.00","-16.6","-71.6","25","3.6","",""
"27/06/1953","03:58:00.00","-11.55","-76.8","70","4.5","",""
"02/07/1953","01:02:00.00","-11.4","-74.7","120","4.5","",""
"16/07/1953","04:05:00.00","-11.95","-76.55","30","3","",""
"16/07/1953","15:10:00.00","-15.6","-74.8","60","4.3","",""
"18/07/1953","04:25:00.00","-16.63","-71.5","35","4.3","",""
"18/07/1953","12:08:00.00","-5.5","-78.99","20","3.6","",""
"28/07/1953","05:30:00.00","-16.65","-71.5","40","3.4","",""
"28/07/1953","06:10:00.00","-9.44","-77.55","25","3.3","",""
"04/08/1953","05:26:00.00","-8.9","-75.7","40","4.2","",""
"07/08/1953","10:29:00.00","-16.68","-71.6","30","3.3","",""
"14/08/1953","17:15:00.00","-11.9","-76.54","30","3","",""
"17/08/1953","12:41:00.00","-12.85","-77.168","40","4.6","",""
"21/08/1953","10:29:00.00","-16.66","-71.5","25","3.2","",""
"22/08/1953","04:30:00.00","-11.9","-76.54","30","3","",""
"22/08/1953","17:48:00.00","-14.9","-75.1","80","4.8","",""
"29/08/1953","00:13:00.00","-16.9","-72.6","50","4.2","",""
"11/09/1953","19:32:00.00","-13.6","-76.6","80","4.9","",""
"16/09/1953","12:39:00.00","-11.25","-74.9","100","4.1","",""
"18/09/1953","02:00:00.00","-17.1","-71.1","30","3.1","",""
"21/09/1953","10:04:00.00","-13.37","-75.29","25","3.2","",""
"28/09/1953","06:00:00.00","-16.5","-71.6","30","3.1","",""
"28/09/1953","23:31:00.00","-15.7","-74.9","30","3.7","",""
"05/10/1953","12:18:00.00","-16.63","-71.55","40","3.4","",""
"06/10/1953","08:18:00.00","-16.68","-71.48","35","3.4","",""
"12/10/1953","03:15:00.00","-17.4","-70.6","30","3","",""
"13/10/1953","00:15:00.00","-16.68","-71.48","35","3.4","",""
"21/10/1953","01:48:00.00","-12.4","-77.5","40","4.1","",""
"23/10/1953","12:09:00.00","-12.4","-77.5","40","4.1","",""
"01/11/1953","21:08:00.00","-13.9","-72.3","20","3.3","",""
"02/11/1953","07:00:00.00","-13.9","-72.3","20","4","",""
"06/11/1953","12:50:00.00","-14.3","-75.8","80","4.6","",""
"06/11/1953","17:22:00.00","-11.7","-78","40","4.6","",""
"10/11/1953","21:13:00.00","-12.05","-76.6","25","3.4","",""
"13/11/1953","17:05:00.00","-12","-76.5","30","3.1","",""
"18/11/1953","18:07:00.00","-9.2","-78.9","40","4.3","",""
"28/11/1953","11:10:00.00","-15.7","-74.9","30","3.7","",""
"29/11/1953","09:00:00.00","-16.7","-71.45","25","3.8","",""
"30/11/1953","05:04:00.00","-12.4","-77.4","40","4","",""
"03/12/1953","11:05:00.00","-8.3","-79.3","40","4.3","",""
"03/12/1953","15:13:00.00","-14.3","-75.8","80","4.8","",""
"05/12/1953","15:32:00.00","-7.9","-79.6","40","4.5","",""
"06/12/1953","23:19:00.00","-9.2","-78.9","40","4.3","",""
"07/12/1953","11:25:00.00","-16.77","-71.4","25","3.4","",""
"12/12/1953","15:00:00.00","-5","-79.43","25","3.1","",""
"12/12/1953","17:31:25.00","-3.88","-80.45","30","6.7","7.8",""
"13/12/1953","01:07:00.00","-3.4","-80.6","30","4.7","",""
"14/12/1953","08:30:00.00","-3.4","-80.6","30","4.1","",""
"16/12/1953","21:52:00.00","-16.66","-71.5","25","4.2","",""
"17/12/1953","06:00:00.00","-16.7","-71.45","30","3.3","",""
"18/12/1953","00:51:00.00","-16.67","-71.5","35","3.6","",""
"18/12/1953","02:15:00.00","-6.5","-79.25","25","3.8","",""
"18/12/1953","03:50:00.00","-3.4","-80.6","30","3.5","",""
"18/12/1953","06:07:00.00","-12","-76.9","90","4.3","",""
"22/12/1953","11:50:00.00","-8.9","-79","40","4.6","",""
"23/12/1953","22:20:00.00","-12","-76.5","30","3.3","",""
"24/12/1953","13:32:00.00","-9.2","-78.9","40","3.8","",""
"25/12/1953","06:45:00.00","-9.55","-77.15","20","3.9","",""
"04/01/1954","19:15:00.00","-11.7","-78","40","4.1","",""
"08/01/1954","10:40:00.00","-12","-76.9","90","4.3","",""
"08/01/1954","18:50:00.00","-9.2","-78.9","40","4.6","",""
"17/01/1954","23:23:00.00","-17.15","-71.1","30","3.1","",""
"19/01/1954","19:52:00.00","-12","-76.5","25","3.2","",""
"21/01/1954","05:30:00.00","-16.76","-71.4","25","3.4","",""
"22/01/1954","06:14:00.00","-12.4","-77.4","30","3.9","",""
"22/01/1954","07:00:00.00","-9.2","-78.9","40","4.3","",""
"23/01/1954","04:30:00.00","-9.2","-78.9","40","4.6","",""
"26/01/1954","06:10:00.00","-12","-76.9","90","4.3","",""
"12/02/1954","10:08:46.00","-17.5","-70","120","5.1","",""
"13/02/1954","02:00:00.00","-6.8","-76.8","30","4.3","",""
"16/02/1954","02:30:00.00","-13.6","-76.6","80","4.2","",""
"26/02/1954","10:51:00.00","-12","-76.5","30","3.1","",""
"28/02/1954","06:15:00.00","-16.7","-71.45","15","3.6","",""
"01/03/1954","22:13:00.00","-12","-76.5","30","3.1","",""
"21/03/1954","16:12:00.00","-16.67","-71.5","40","3.7","",""
"22/03/1954","22:50:00.00","-17.4","-70.5","30","4","",""
"24/03/1954","01:00:00.00","-9.2","-78.9","40","4.1","",""
"07/04/1954","17:51:00.00","-13.6","-72.3","30","3.9","",""
"09/04/1954","06:17:37.00","-15","-69.5","223","4.7","",""
"19/04/1954","05:15:00.00","-16.77","-71.4","25","3.9","",""
"19/04/1954","11:30:00.00","-17","-71.2","30","3.8","",""
"19/04/1954","14:20:00.00","-16.77","-71.4","25","3.9","",""
"03/05/1954","22:05:00.00","-16.7","-71.45","35","3.4","",""
"05/05/1954","08:40:00.00","-13.55","-71.97","30","3","",""
"06/05/1954","19:58:00.00","-12.4","-77.5","40","4.1","",""
"09/05/1954","15:26:00.00","-5.8","-77.3","30","3.9","",""
"10/05/1954","14:40:00.00","-17.4","-70.5","30","3.6","",""
"12/05/1954","02:50:00.00","-12","-76.8","90","5","",""
"18/05/1954","15:45:00.00","-9.2","-78.9","40","4.6","",""
"21/05/1954","00:59:00.00","-16.45","-71.75","25","4.2","",""
"21/05/1954","01:09:00.00","-16.75","-71.4","30","3.4","",""
"25/05/1954","00:20:00.00","-16.25","-71.8","15","4.6","",""
"29/05/1954","12:11:37.00","-12","-68","","","5.7",""
"29/05/1954","18:30:00.00","-16.25","-71.9","15","3.9","",""
"30/05/1954","05:28:00.00","-16.25","-71.9","40","3.4","",""
"02/06/1954","02:15:00.00","-13.5","-72.7","25","4.1","",""
"12/06/1954","07:54:00.00","-16.65","-71.5","25","3.9","",""
"15/06/1954","13:29:59.00","-6.233","-77.077","100","5.8","6.6",""
"30/06/1954","05:30:00.00","-16.67","-71.4","30","3.3","",""
"05/07/1954","16:37:00.00","-12.4","-77.5","40","4.1","",""
"07/07/1954","20:44:00.00","-12.3","-77.5","30","4.3","",""
"08/07/1954","09:00:00.00","-8.44","-77.52","25","3.7","",""
"08/07/1954","14:22:00.00","-16.67","-71.4","30","3.3","",""
"10/07/1954","05:20:00.00","-16.6","-71.6","15","4.6","",""
"13/07/1954","21:54:00.00","-15.9","-73.2","20","4.4","",""
"22/07/1954","10:42:00.00","-12.3","-77.5","30","3.9","",""
"02/08/1954","07:00:00.00","-16.25","-71.8","30","3.3","",""
"04/08/1954","09:35:00.00","-16.25","-71.8","30","3.3","",""
"07/08/1954","09:37:24.00","-18.5","-69","140","","6.2",""
"07/08/1954","20:10:00.00","-13.5","-71.2","15","3.8","",""
"14/08/1954","23:30:00.00","-11.5","-77.9","40","4.3","",""
"29/08/1954","08:30:00.00","-13.2","-77.4","30","4.7","",""
"31/08/1954","16:56:00.00","-12.3","-77.5","40","4.2","",""
"19/09/1954","18:45:00.00","-13.6","-76.6","80","4.7","",""
"20/09/1954","14:34:00.00","-11.803","-77.362","40","4.8","",""
"26/09/1954","01:35:00.00","-16.6","-71.45","30","3.2","",""
"26/09/1954","09:00:00.00","-10.9","-78.1","40","4.2","",""
"02/10/1954","23:23:00.00","-11.95","-77.6","40","4.3","",""
"08/10/1954","07:41:00.00","-5.95","-77","100","5","",""
"15/10/1954","03:36:00.00","-12.3","-77.5","40","4.2","",""
"20/10/1954","11:12:00.00","-17.4","-70.5","30","3.1","",""
"26/10/1954","15:00:00.00","-14.3","-75.8","80","4.6","",""
"07/11/1954","09:47:00.00","-16.6","-71.45","30","3.2","",""
"09/11/1954","21:45:00.00","-16.4","-71.8","30","3.3","",""
"12/11/1954","06:30:00.00","-16.4","-71.8","30","4","",""
"03/12/1954","18:46:00.00","-12.3","-77.5","40","4","",""
"05/12/1954","07:28:00.00","-16.28","-71.7","30","4.1","",""
"07/12/1954","11:10:00.00","-12.3","-77.5","40","4.3","",""
"12/12/1954","23:48:00.00","-12.4","-77.5","40","4.1","",""
"17/12/1954","21:00:00.00","-5.6","-80.3","90","4.8","",""
"19/12/1954","09:00:00.00","-16.28","-71.7","30","3.2","",""
"19/12/1954","10:25:00.00","-17.1","-71.15","30","3.9","",""
"26/12/1954","08:15:00.00","-8.69","-77.25","20","3.8","",""
"28/12/1954","17:00:00.00","-16.5","-71.66","20","4.4","",""
"31/12/1954","18:29:00.00","-12.4","-77.5","40","4.1","",""
"01/01/1955","17:30:00.00","-12.4","-77.5","40","4.1","",""
"03/01/1955","18:41:57.00","-15","-75.4","64","","5.9",""
"08/01/1955","03:00:00.00","-14.4","-71.49","25","3.8","",""
"08/01/1955","07:00:00.00","-14.4","-71.49","30","3.2","",""
"16/02/1955","16:30:00.00","-11.5","-77.8","40","3.7","",""
"17/02/1955","08:48:34.00","-4","-79","","","5.7",""
"17/02/1955","16:06:00.00","-12","-76.5","30","3.1","",""
"20/02/1955","12:20:00.00","-13.5","-71.2","15","3.8","",""
"28/02/1955","00:36:00.00","-12","-76.5","30","3.1","",""
"09/03/1955","13:20:00.00","-12.1","-76.8","90","4.8","",""
"10/03/1955","23:19:00.00","-12.7","-77.5","40","4.3","",""
"15/03/1955","06:25:00.00","-9.2","-78.9","40","4.9","",""
"16/03/1955","09:30:00.00","-16.25","-71.8","30","3.6","",""
"21/03/1955","04:50:00.00","-16.25","-71.8","30","3.8","",""
"19/04/1955","09:59:00.00","-4","-80.7","30","4.2","",""
"25/04/1955","00:24:00.00","-7.1","-80.4","30","4.7","",""
"02/05/1955","02:57:00.00","-12","-76.5","30","3.3","",""
"04/05/1955","17:00:00.00","-4.4","-81.5","30","4.1","",""
"23/05/1955","13:30:00.00","-16.25","-71.8","30","3.8","",""
"03/06/1955","17:33:00.00","-12.4","-77.5","40","4.6","",""
"12/06/1955","14:51:00.00","-11.73","-76.66","30","3.8","",""
"20/06/1955","02:00:00.00","-13.5","-72","20","4.1","",""
"23/06/1955","17:30:00.00","-7","-80.5","40","4.2","",""
"02/07/1955","19:50:00.00","-16.2","-71.9","40","3.4","",""
"05/07/1955","08:46:00.00","-12.4","-77.5","30","4","",""
"05/07/1955","17:14:00.00","-12.1","-76.8","90","4.6","",""
"06/07/1955","00:45:00.00","-12.4","-77.4","40","4","",""
"16/07/1955","13:31:43.00","-14","-78.5","50","5","",""
"21/07/1955","11:45:40.00","-15.4","-74","60","5.9","6.8",""
"04/08/1955","17:26:00.00","-9.2","-78.9","40","4.3","",""
"19/08/1955","16:28:50.00","-9","-71","650","","5.7",""
"20/08/1955","18:32:00.00","-11.5","-75","30","4.2","",""
"27/08/1955","02:49:00.00","-17.2","-70.9","25","4.1","",""
"29/08/1955","09:45:00.00","-14.3","-75.8","80","4.6","",""
"29/08/1955","11:15:00.00","-14.3","-75.8","80","4.3","",""
"30/08/1955","11:57:00.00","-12.05","-76.6","30","3.5","",""
"31/08/1955","10:20:00.00","-11.73","-76.66","30","3.1","",""
"06/09/1955","19:00:00.00","-11.73","-76.66","30","3.4","",""
"12/09/1955","02:52:00.00","-8.9","-75.7","30","4.3","",""
"13/09/1955","22:15:00.00","-12","-76.5","30","4","",""
"09/10/1955","21:03:00.00","-15.122","-73.029","25","4.6","",""
"28/10/1955","10:32:00.00","-11.295","-76.608","30","4","",""
"05/11/1955","15:30:00.00","-16.6","-71.7","30","3.3","",""
"07/11/1955","19:57:00.00","-12.1","-76.7","90","4.5","",""
"11/11/1955","08:50:00.00","-16.6","-71.7","30","3.3","",""
"26/11/1955","20:40:00.00","-7","-80.5","40","4.8","",""
"08/12/1955","10:00:00.00","-16.6","-71.7","30","3.8","",""
"14/12/1955","20:50:00.00","-4.4","-81.6","30","4.5","",""
"22/12/1955","11:17:00.00","-12.4","-77.5","30","4","",""
"08/01/1956","20:54:13.00","-19","-70","11","6.3","7.1",""
"18/02/1956","10:24:20.00","-5","-79.5","33","5.3","",""
"22/03/1956","06:33:55.00","-3.531","-78.849","35","5.8","6.5",""
"03/05/1956","02:11:17.00","-16","-74","","5.5","",""
"15/05/1956","12:32:59.00","-6","-82","33","5.2","",""
"17/05/1956","05:59:57.00","-16.5","-72","60","5.3","",""
"10/06/1956","15:19:40.00","-18","-74.5","33","5.1","",""
"17/08/1956","05:53:25.00","-5","-80","","5","",""
"29/09/1956","11:31:40.00","-12","-78","33","2.8","",""
"12/10/1956","02:37:44.00","-15.5","-75.28","","5.8","6.5",""
"29/10/1956","15:42:08.00","-8.5","-77","60","","6.4",""
"25/11/1956","14:15:10.00","-17","-71.5","100","5.2","",""
"01/12/1956","21:24:54.00","-17.5","-72.5","33","5.6","",""
"15/01/1957","04:09:15.00","-2","-76.5","100","","5.6",""
"24/01/1957","07:16:29.00","-12.5","-78","","5.7","6.3",""
"18/02/1957","23:49:52.00","-11.4","-76.9","90","5.8","6.6",""
"21/02/1957","20:04:47.00","-15.75","-75.75","33","4.8","",""
"19/05/1957","05:19:32.00","-13.75","-76.75","33","4","",""
"01/08/1957","12:46:23.00","-18","-70","150","4.7","",""
"07/08/1957","08:49:24.00","-5","-81","","5.3","",""
"01/10/1957","23:20:50.00","-7","-74","100","5.8","",""
"20/10/1957","02:54:48.00","-14.5","-76","100","3.9","",""
"28/11/1957","03:07:55.00","-10","-75.5","100","5.8","",""
"15/12/1957","22:18:25.00","-14.5","-73","200","5.2","",""
"15/01/1958","19:14:29.00","-16.5","-72","60","7","7",""
"21/02/1958","03:18:25.00","-16","-74.5","33","5.2","",""
"01/03/1958","09:05:40.00","-13.5","-76.5","","","7",""
"21/04/1958","12:15:28.00","-8","-74","150","5.5","",""
"28/04/1958","11:47:40.00","-11","-74","","5.8","6.5",""
"12/05/1958","21:12:16.00","-6.5","-75.5","150","5.6","",""
"25/05/1958","21:11:45.00","-3","-77","29","5.8","6.5",""
"26/05/1958","08:49:47.00","-3","-77","27","5.6","",""
"08/06/1958","15:52:23.00","-16","-75","33","5.1","",""
"16/06/1958","14:56:58.00","-7.5","-80","33","4.9","",""
"29/06/1958","03:25:42.00","-15.5","-70.5","150","5.7","6.5",""
"26/07/1958","17:37:09.00","-13.5","-69.5","630","6.9","7.3",""
"26/07/1958","18:04:42.00","-12.5","-68","650","","5.6",""
"18/09/1958","21:24:42.00","-9.5","-80","33","5.1","",""
"19/12/1958","11:14:40.00","-16","-72","100","5.2","",""
"03/01/1959","04:15:47.00","-15","-75","33","5","",""
"03/01/1959","11:17:39.00","-14.84","-75.7","","5.8","6.4",""
"13/01/1959","19:06:40.00","-16.5","-71.5","150","5.4","",""
"26/01/1959","20:58:50.00","-4.5","-82.5","33","6","",""
"07/02/1959","09:36:54.00","-4.205","-81.112","40","6.2","7.4",""
"11/02/1959","19:57:05.00","-4","-82.5","33","6.4","",""
"03/04/1959","19:33:50.00","-4","-81","33","4.9","",""
"21/04/1959","16:36:42.00","-18.5","-71.5","33","5.2","",""
"25/04/1959","20:33:36.00","-8","-76","100","4.8","",""
"05/05/1959","05:30:15.00","-9","-78.5","33","4.5","",""
"13/06/1959","22:16:24.00","-17","-72.5","33","5.8","",""
"22/06/1959","03:22:51.00","-4","-81","33","5.4","",""
"01/07/1959","10:32:29.00","-16.5","-69.5","200","4.9","",""
"06/07/1959","08:28:20.00","-15.5","-75","33","4.3","",""
"19/07/1959","15:06:10.00","-15","-70.5","200","7.1","7",""
"15/08/1959","18:28:57.00","-8","-79.5","33","5.1","",""
"28/08/1959","07:19:12.00","-9","-75","100","5.5","",""
"13/10/1959","20:52:25.00","-9","-79.5","33","5","",""
"02/12/1959","07:02:52.00","-9","-80","33","4.4","",""
"-/-/1471","00:00:00.00","-16.3","-71","25","","8",""
"-/-/1513","00:00:00.00","-17.21","-72.3","30","","8.7",""
"-/01/1533","00:00:00.00","-12.2","-77.8","30","","6.5",""
"-/-/1581","00:00:00.00","-12.4","-77.7","30","","7.6",""
"-/-/1590","00:00:00.00","-17.2","-72.9","40","7.7","",""
